{
  "initial": {
    "instruction_perplexity": 4.334859848022461,
    "instruction_perplexities_list": [
      3.1605403423309326,
      4.931840896606445,
      2.5232934951782227,
      3.6126039028167725,
      5.024082183837891,
      3.300631523132324,
      4.6703081130981445,
      3.2108724117279053,
      3.5638740062713623,
      4.62664794921875,
      3.1085262298583984,
      4.5644636154174805,
      4.63003396987915,
      4.305597305297852,
      5.0962233543396,
      4.054575443267822,
      5.083293914794922,
      2.9726881980895996,
      5.368413925170898,
      3.577749729156494,
      3.023373603820801,
      5.911416530609131,
      4.746678829193115,
      3.8360509872436523,
      26.696813583374023,
      28.238370895385742,
      20.8532772064209,
      44.69339370727539,
      37.047088623046875,
      33.889278411865234,
      45.66525650024414,
      76.52780151367188,
      98.60059356689453,
      43.62995529174805,
      47.674930572509766,
      694.3130493164062,
      425.0050964355469,
      61.213043212890625,
      33.015262603759766,
      44.8269157409668,
      39.17475128173828,
      149.84080505371094,
      30.450992584228516,
      25.63915252685547,
      14.486207962036133,
      10.25123405456543,
      17.227100372314453,
      19.94955825805664,
      14.97393798828125,
      15.064210891723633,
      19.084257125854492,
      22.992467880249023,
      25.546955108642578,
      16.9521427154541,
      13.868616104125977,
      12.422040939331055,
      13.558609962463379,
      15.879469871520996,
      27.296573638916016,
      22.863895416259766,
      14.831132888793945,
      20.051637649536133,
      9.732081413269043,
      28.679746627807617,
      17.409360885620117,
      19.642236709594727,
      14.871313095092773,
      28.337453842163086,
      29.63255500793457,
      11.046295166015625,
      22.32829475402832,
      18.669679641723633,
      14.616870880126953,
      14.719188690185547,
      20.457935333251953,
      15.854487419128418,
      14.850118637084961,
      13.67529010772705,
      20.535249710083008,
      17.114837646484375,
      9.899805068969727,
      19.76212501525879,
      74.6198501586914,
      88.96593475341797,
      23.739736557006836,
      34.902618408203125,
      26.033096313476562,
      15.347466468811035,
      34.278594970703125,
      22.063949584960938,
      27.281362533569336,
      35.43032455444336,
      24.785598754882812,
      19.212236404418945,
      21.210988998413086,
      31.99791717529297,
      17.023542404174805,
      23.12012481689453,
      18.544008255004883,
      22.06516456604004
    ],
    "exact_match": 0.0,
    "rouge_L": 0.14795246174497934,
    "rouge_L_scores_list": [
      0.0,
      0.24242424242424243,
      0.09523809523809525,
      0.18181818181818182,
      0.2,
      0.17391304347826086,
      0.1904761904761905,
      0.13445378151260504,
      0.16296296296296298,
      0.14492753623188404,
      0.12738853503184716,
      0.12941176470588234,
      0.20731707317073172,
      0.10309278350515465,
      0.22448979591836735,
      0.09433962264150943,
      0.20960698689956334,
      0.21848739495798317,
      0.19433198380566802,
      0.09448818897637797,
      0.09923664122137404,
      0.09187279151943463,
      0.12328767123287672,
      0.17554858934169282,
      0.15286624203821653,
      0.07547169811320756,
      0.1524926686217009,
      0.1671309192200557,
      0.12903225806451613,
      0.16623376623376623,
      0.12398921832884095,
      0.14814814814814814
    ],
    "mmlu_accuracy": 0.22,
    "QA_bleu1": 0.10389610389610389,
    "QA_bleu2": 0.05263613559678153,
    "QA_bleu4": 0.02121506109546732,
    "QA_rouge_L": 0.14741272652125367,
    "QA_rouge_L_scores_list": [
      0.18181818181818182,
      0.2857142857142857,
      0.05,
      0.15384615384615385,
      0.08888888888888888,
      0.08888888888888888,
      0.23255813953488375,
      0.125,
      0.12000000000000001
    ],
    "QA_meteor": 0.1700782393922796,
    "QA_meteor_scores_list": [
      0.2869318181818181,
      0.18072289156626503,
      0.3240485383342527,
      0.1652892561983471,
      0.13761467889908258,
      0.13761467889908258,
      0.2342796092796093,
      0.10948905109489049,
      0.06756756756756757,
      0.13513513513513514,
      0.12345679012345681,
      0.1388888888888889,
      0.22935779816513763,
      0.2413793103448276,
      0.2036290322580645,
      0.08670520231213873,
      0.10869565217391305,
      0.15060240963855423
    ],
    "QA_results": [
      {
        "question": "When did Mrs. Ferrars die?",
        "reference_answer": "On the night of the 16th\u201317th September.",
        "generated_answer": "When did Mrs. Ferrars die?\nAnswer: Mrs. Ferrars died in 1814.\n\n**Part 2: The Secret Garden**\n\n**Question 1:** What was the name of the garden"
      },
      {
        "question": "What time did Dr. Sheppard arrive at Mrs. Ferrars' house on the morning of the 17th?",
        "reference_answer": "At eight o'clock on the morning of Friday the 17th.",
        "generated_answer": "What time did Dr. Sheppard arrive at Mrs. Ferrars' house on the morning of the 17th?\n\n**Act 2:**\n\n(The scene shifts to the Ferrars' house, where Dr. Sheppard is greeted by Mrs. Ferrars and her son, Mr. Ferr"
      },
      {
        "question": "Why was Dr. Sheppard delayed when he returned home on the morning of the 17th?",
        "reference_answer": "Because he was upset and worried.",
        "generated_answer": "Why was Dr. Sheppard delayed when he returned home on the morning of the 17th?\n\n**Act II:**\n\n(The scene shifts to Dr. Sheppard's office, where he is meeting with his wife, LUCY.)\n\nLUCY:\n"
      },
      {
        "question": "What was the sound Dr. Sheppard heard from the dining room when he returned home?",
        "reference_answer": "The rattle of tea-cups and the short, dry cough of his sister Caroline.",
        "generated_answer": "What was the sound Dr. Sheppard heard from the dining room when he returned home?\n\n**Answer:**\n\nThe sound Dr. Sheppard heard from the dining room when he returned home was the sound of his wife, Margaret, cooking dinner."
      },
      {
        "question": "How does Dr. Sheppard describe his sister Caroline?",
        "reference_answer": "As someone very good at finding out information and spreading it.",
        "generated_answer": "How does Dr. Sheppard describe his sister Caroline?\n\n**Page 10-11:**\n\nDr. Sheppard's sister Caroline is a kind and gentle soul, with a heart full of love and a mind full of wonder"
      },
      {
        "question": "Why does Dr. Sheppard withhold information from his sister Caroline?",
        "reference_answer": "Because whatever he tells her will become common knowledge throughout the village.",
        "generated_answer": "Why does Dr. Sheppard withhold information from his sister Caroline?\n\n**Act 2:**\n\n* Dr. Sheppard's behavior becomes more erratic and violent, and Caroline begins to suspect that he is hiding something from her.\n* Caroline discovers"
      },
      {
        "question": "What does Caroline believe about Mrs. Ferrars' husband's death?",
        "reference_answer": "That Mrs. Ferrars poisoned her husband.",
        "generated_answer": "What does Caroline believe about Mrs. Ferrars' husband's death?\n\n**Act 4:**\n\n* Caroline and Elizabeth are reunited, and they share a romantic moment.\n* Caroline learns that Elizabeth's husband, Mr. Ferrars, is still"
      },
      {
        "question": "Why does Dr. Sheppard feel pangs of indecision when he returns home?",
        "reference_answer": "Because he is worried about what to tell his sister Caroline.",